<?xml version="1.0" encoding="utf-8" ?>
<dwsync>
<file name="metisMenu.min.css" server="D:/O t h 3 r/wB/programming proj/xampp/htdocs/sites/mazzm/" local="130480930460000000" remote="130480930460000000" Dst="0" />
<file name="sb-admin-2.css" server="D:/O t h 3 r/wB/programming proj/xampp/htdocs/sites/mazzm/" local="130870696920000000" remote="130870696920000000" Dst="0" />
<file name="jquery-1.11.0.min.js" server="D:/O t h 3 r/wB/programming proj/xampp/htdocs/sites/mazzm/" local="130752078760000000" remote="130752078760000000" Dst="0" />
<file name="metisMenu.min.js" server="D:/O t h 3 r/wB/programming proj/xampp/htdocs/sites/mazzm/" local="130480930460000000" remote="130480930460000000" Dst="0" />
<file name="sb-admin-2.js" server="D:/O t h 3 r/wB/programming proj/xampp/htdocs/sites/mazzm/" local="130481722680000000" remote="130481722680000000" Dst="0" />
<file name="bootstrap.min.css" server="D:/O t h 3 r/wB/programming proj/xampp/htdocs/sites/mazzm/" local="130742833140000000" remote="130742833140000000" Dst="0" />
<file name="bootstrap.min.js" server="D:/O t h 3 r/wB/programming proj/xampp/htdocs/sites/mazzm/" local="130717799340000000" remote="130717799340000000" Dst="0" />
<file name="font-awesome.css" server="D:/O t h 3 r/wB/programming proj/xampp/htdocs/sites/mazzm/" local="130831761680000000" remote="130831761680000000" Dst="0" />
<file name="index.php" server="D:/O t h 3 r/wB/programming proj/xampp/htdocs/sites/mazzm/" local="131003346797188550" remote="131003346790000000" Dst="0" />
</dwsync>