<?xml version="1.0" encoding="utf-8" ?>
<dwsync>
<file name="bootstrap.min.js" server="D:/O t h 3 r/wB/programming proj/xampp/htdocs/sites/mazzm/" local="130717799340000000" remote="130717799340000000" Dst="0" />
<file name="holder.js" server="D:/O t h 3 r/wB/programming proj/xampp/htdocs/sites/mazzm/" local="130717799340000000" remote="130717799340000000" Dst="0" />
<file name="mail.js" server="D:/O t h 3 r/wB/programming proj/xampp/htdocs/sites/mazzm/" local="130717799340000000" remote="130717799340000000" Dst="0" />
<file name="jquery.js" server="D:/O t h 3 r/wB/programming proj/xampp/htdocs/sites/mazzm/" local="130717799340000000" remote="130717799340000000" Dst="0" />
<file name="validation.js" server="D:/O t h 3 r/wB/programming proj/xampp/htdocs/sites/mazzm/" local="130717799340000000" remote="130717799340000000" Dst="0" />
<file name="jquery.bgswitcher.js" server="D:/O t h 3 r/wB/programming proj/xampp/htdocs/sites/mazzm/" local="130717799340000000" remote="130717799340000000" Dst="0" />
<file name="jquery.proximity.js" server="D:/O t h 3 r/wB/programming proj/xampp/htdocs/sites/mazzm/" local="130717799340000000" remote="130717799340000000" Dst="0" />
<file name="ct-navbar.js" server="D:/O t h 3 r/wB/programming proj/xampp/htdocs/sites/mazzm/" local="130717799340000000" remote="130717799340000000" Dst="0" />
<file name="docs.js" server="D:/O t h 3 r/wB/programming proj/xampp/htdocs/sites/mazzm/" local="130717799340000000" remote="130717799340000000" Dst="0" />
<file name="pongstagram.js" server="D:/O t h 3 r/wB/programming proj/xampp/htdocs/sites/mazzm/" local="130717799340000000" remote="130717799340000000" Dst="0" />
<file name="jquery_i.js" server="D:/O t h 3 r/wB/programming proj/xampp/htdocs/sites/mazzm/" local="130717799340000000" remote="130717799340000000" Dst="0" />
<file name="jquery.touchSwipe.min.js" server="D:/O t h 3 r/wB/programming proj/xampp/htdocs/sites/mazzm/" local="130717799340000000" remote="130717799340000000" Dst="0" />
<file name="login-register.js" server="D:/O t h 3 r/wB/programming proj/xampp/htdocs/sites/mazzm/" local="130742783880000000" remote="130742783880000000" Dst="0" />
<file name="jquerybg.js" server="D:/O t h 3 r/wB/programming proj/xampp/htdocs/sites/mazzm/" local="130638804500000000" remote="130638804500000000" Dst="0" />
</dwsync>