<?xml version="1.0" encoding="utf-8" ?>
<dwsync>
<file name="mysql_conf.php" server="D:/O t h 3 r/wB/programming proj/xampp/htdocs/sites/mazzm/" local="130844017225694179" remote="130844017220000000" Dst="0" />
<file name="mazzm_mazzm.php" server="D:/O t h 3 r/wB/programming proj/xampp/htdocs/sites/mazzm/" local="131003351036540006" remote="131003351030000000" Dst="0" />
<file name="mazzm_assistant_camera.php" server="D:/O t h 3 r/wB/programming proj/xampp/htdocs/sites/mazzm/" local="130884985810000000" remote="130884985810000000" Dst="0" />
<file name="mazzm_filmography.php" server="D:/O t h 3 r/wB/programming proj/xampp/htdocs/sites/mazzm/" local="130876766673899784" remote="130876766670000000" Dst="0" />
<file name="mazzm_cinemotography.php" server="D:/O t h 3 r/wB/programming proj/xampp/htdocs/sites/mazzm/" local="130843983084007581" remote="130843983080000000" Dst="0" />
<file name="mazzm_contact.php" server="D:/O t h 3 r/wB/programming proj/xampp/htdocs/sites/mazzm/" local="130843524265484671" remote="130843524260000000" Dst="0" />
<file name="index.html" server="D:/O t h 3 r/wB/programming proj/xampp/htdocs/sites/mazzm/" local="130841855744977838" remote="130841855740000000" Dst="0" />
<file name="metakeys.html" server="D:/O t h 3 r/wB/programming proj/xampp/htdocs/sites/mazzm/" local="131003353163751293" remote="131003353160000000" Dst="0" />
</dwsync>