<?xml version="1.0" encoding="utf-8" ?>
<dwsync>
<file name="bootstrap.min.css" server="D:/O t h 3 r/wB/programming proj/xampp/htdocs/sites/mazzm/" local="130843010413974135" remote="130843010410000000" Dst="0" />
<file name="bootstrap-theme.min.css" server="D:/O t h 3 r/wB/programming proj/xampp/htdocs/sites/mazzm/" local="130717799340000000" remote="130717799340000000" Dst="0" />
<file name="cover.css" server="D:/O t h 3 r/wB/programming proj/xampp/htdocs/sites/mazzm/" local="130842158391832844" remote="130842158390000000" Dst="0" />
<file name="gallery.css" server="D:/O t h 3 r/wB/programming proj/xampp/htdocs/sites/mazzm/" local="130717799340000000" remote="130717799340000000" Dst="0" />
<file name="mail.css" server="D:/O t h 3 r/wB/programming proj/xampp/htdocs/sites/mazzm/" local="130717799340000000" remote="130717799340000000" Dst="0" />
<file name="contact.css" server="D:/O t h 3 r/wB/programming proj/xampp/htdocs/sites/mazzm/" local="131002646667488923" remote="131002646660000000" Dst="0" />
<file name="contact_responsive.css" server="D:/O t h 3 r/wB/programming proj/xampp/htdocs/sites/mazzm/" local="131002647389214253" remote="131002647380000000" Dst="0" />
<file name="gallery_responsive.css" server="D:/O t h 3 r/wB/programming proj/xampp/htdocs/sites/mazzm/" local="130717799340000000" remote="130717799340000000" Dst="0" />
<file name="normalize.css" server="D:/O t h 3 r/wB/programming proj/xampp/htdocs/sites/mazzm/" local="130717799340000000" remote="130717799340000000" Dst="0" />
<file name="ct-navbar.css" server="D:/O t h 3 r/wB/programming proj/xampp/htdocs/sites/mazzm/" local="130843895995883180" remote="130843895990000000" Dst="0" />
<file name="pe-icon-7-stroke.css" server="D:/O t h 3 r/wB/programming proj/xampp/htdocs/sites/mazzm/" local="130717820320000000" remote="130717820320000000" Dst="0" />
<file name="pongstagr.am.css" server="D:/O t h 3 r/wB/programming proj/xampp/htdocs/sites/mazzm/" local="130717799340000000" remote="130717799340000000" Dst="0" />
<file name="bootstrap-social.css" server="D:/O t h 3 r/wB/programming proj/xampp/htdocs/sites/mazzm/" local="130717799340000000" remote="130717799340000000" Dst="0" />
<file name="docs.css" server="D:/O t h 3 r/wB/programming proj/xampp/htdocs/sites/mazzm/" local="130717799340000000" remote="130717799340000000" Dst="0" />
<file name="font-awesome.css" server="D:/O t h 3 r/wB/programming proj/xampp/htdocs/sites/mazzm/" local="130717799340000000" remote="130717799340000000" Dst="0" />
<file name="filmography.css" server="D:/O t h 3 r/wB/programming proj/xampp/htdocs/sites/mazzm/" local="130726449260000000" remote="130726449260000000" Dst="0" />
<file name="assistant_camera.css" server="D:/O t h 3 r/wB/programming proj/xampp/htdocs/sites/mazzm/" local="130726444140000000" remote="130726444140000000" Dst="0" />
<file name="assistant_camera_responsive.css" server="D:/O t h 3 r/wB/programming proj/xampp/htdocs/sites/mazzm/" local="130726447480000000" remote="130726447480000000" Dst="0" />
<file name="cinemotography.css" server="D:/O t h 3 r/wB/programming proj/xampp/htdocs/sites/mazzm/" local="130846450946542235" remote="130846450940000000" Dst="0" />
<file name="cinemotography_responsive.css" server="D:/O t h 3 r/wB/programming proj/xampp/htdocs/sites/mazzm/" local="130717799340000000" remote="130717799340000000" Dst="0" />
<file name="filmography_responsive.css" server="D:/O t h 3 r/wB/programming proj/xampp/htdocs/sites/mazzm/" local="130841830556735726" remote="130841830550000000" Dst="0" />
<file name="works.zip" server="D:/O t h 3 r/wB/programming proj/xampp/htdocs/sites/mazzm/" local="130717799340000000" remote="130717799340000000" Dst="0" />
<file name="login-register.css" server="D:/O t h 3 r/wB/programming proj/xampp/htdocs/sites/mazzm/" local="130333119640000000" remote="130333119640000000" Dst="0" />
</dwsync>