<?xml version="1.0" encoding="utf-8" ?>
<dwsync>
<file name=".DS_Store" server="D:/O t h 3 r/wB/programming proj/xampp/htdocs/sites/mazzm/" local="130717799360000000" remote="130717799360000000" Dst="0" />
<file name="fontawesome-webfont.eot" server="D:/O t h 3 r/wB/programming proj/xampp/htdocs/sites/mazzm/" local="130717799360000000" remote="130717799360000000" Dst="0" />
<file name="fontawesome-webfont.svg" server="D:/O t h 3 r/wB/programming proj/xampp/htdocs/sites/mazzm/" local="130717799360000000" remote="130717799360000000" Dst="0" />
<file name="fontawesome-webfont.ttf" server="D:/O t h 3 r/wB/programming proj/xampp/htdocs/sites/mazzm/" local="130717799360000000" remote="130717799360000000" Dst="0" />
<file name="fontawesome-webfont.woff" server="D:/O t h 3 r/wB/programming proj/xampp/htdocs/sites/mazzm/" local="130717799360000000" remote="130717799360000000" Dst="0" />
<file name="FontAwesome.otf" server="D:/O t h 3 r/wB/programming proj/xampp/htdocs/sites/mazzm/" local="130717799360000000" remote="130717799360000000" Dst="0" />
<file name="Pe-icon-7-stroke.eot" server="D:/O t h 3 r/wB/programming proj/xampp/htdocs/sites/mazzm/" local="130717799360000000" remote="130717799360000000" Dst="0" />
<file name="Pe-icon-7-stroke.svg" server="D:/O t h 3 r/wB/programming proj/xampp/htdocs/sites/mazzm/" local="130717799360000000" remote="130717799360000000" Dst="0" />
<file name="Pe-icon-7-stroke.ttf" server="D:/O t h 3 r/wB/programming proj/xampp/htdocs/sites/mazzm/" local="130717799360000000" remote="130717799360000000" Dst="0" />
<file name="Pe-icon-7-stroke.woff" server="D:/O t h 3 r/wB/programming proj/xampp/htdocs/sites/mazzm/" local="130717799360000000" remote="130717799360000000" Dst="0" />
<file name="fontawesome-webfont.woff2" server="D:/O t h 3 r/wB/programming proj/xampp/htdocs/sites/mazzm/" local="130717799360000000" remote="130717799360000000" Dst="0" />
<file name="font.ttf" server="D:/O t h 3 r/wB/programming proj/xampp/htdocs/sites/mazzm/" local="127853551260000000" remote="127853551260000000" Dst="0" />
<file name="CaviarDreams-bold.ttf" server="D:/O t h 3 r/wB/programming proj/xampp/htdocs/sites/mazzm/" local="130717799360000000" remote="130717799360000000" Dst="0" />
<file name="CaviarDreams.ttf" server="D:/O t h 3 r/wB/programming proj/xampp/htdocs/sites/mazzm/" local="130717799360000000" remote="130717799360000000" Dst="0" />
<file name="font ur.ttf" server="D:/O t h 3 r/wB/programming proj/xampp/htdocs/sites/mazzm/" local="129611608360000000" remote="129611608360000000" Dst="0" />
</dwsync>